{"mse": [12.335168818089636, 7.642068695667328, 10.5881440701169], "jsd-softmax": [0.5492640030576155, 0.40839474540593645, 0.4726063346047996], "tau": [-0.15555555555555553, 0.37777777777777777, 0.24444444444444444], "rho": [-0.23636363636363633, 0.5030303030303029, 0.33333333333333326], "pcc": [-0.08582886263520462, 0.3854666724120473, 0.29198578945526915], "ndcg_at_1%": [0.0, 0.0, 0.0], "ndcg_at_5%": [0.0, 0.0, 0.0], "ndcg_at_10%": [0.6050548368997182, 0.9144843988130948, 0.7300934248961077], "ndcg_at_20%": [0.7269774920987899, 0.8254080255969714, 0.760794726408492], "ndcg_at_50%": [0.7490329426290718, 0.8974342821356354, 0.8232928405423409], "ndcg_at_all": [0.8648671764045037, 0.9463725536917963, 0.9036279313035627], "score_of_estimated_best": [3.8833140397060677, 4.081924758105584, 5.086277296120479], "score_of_true_best": [6.418119156941288, 4.463635206246816, 6.966611563231454], "rank_of_best": [10.0, 8.0, 5.0]}