{"mse": [9.644433766387776, 16.441954547824913, 14.875419939641526], "jsd-softmax": [0.4095771680603365, 0.4574431724354343, 0.5362446347209463], "tau": [0.1111111111111111, -0.3333333333333333, -0.022222222222222223], "rho": [0.19999999999999998, -0.4545454545454545, -0.04242424242424241], "pcc": [0.2649215796168658, -0.3298525647258631, -0.22054216147927305], "ndcg_at_1%": [0.0, 0.0, 0.0], "ndcg_at_5%": [0.0, 0.0, 0.0], "ndcg_at_10%": [0.7922887540883113, 0.6657463888474262, 0.6124960761843306], "ndcg_at_20%": [0.8068547469743628, 0.5258596747763389, 0.694715893639459], "ndcg_at_50%": [0.7805435360656516, 0.7044632128131044, 0.666999781037703], "ndcg_at_all": [0.9159746853897222, 0.8462286481970983, 0.8604016862133761], "score_of_estimated_best": [5.085003630443336, 2.9716490196910543, 4.267022246779651], "score_of_true_best": [6.418119156941288, 4.463635206246816, 6.966611563231454], "rank_of_best": [6.0, 10.0, 7.0]}