{"mse": [8.963141593093404, 11.078423603025275, 8.347471481581419], "jsd-softmax": [0.2933407612703435, 0.2549864755964966, 0.30253306115520584], "tau": [0.06666666666666667, 0.1111111111111111, 0.15555555555555553], "rho": [0.16363636363636364, 0.2121212121212121, 0.309090909090909], "pcc": [0.3997579720887457, 0.20091891290857183, 0.3833085382539635], "ndcg_at_1%": [0.0, 0.0, 0.0], "ndcg_at_5%": [0.0, 0.0, 0.0], "ndcg_at_10%": [0.847690231310483, 1.0, 0.6238566827315234], "ndcg_at_20%": [0.8356777417118738, 1.0, 0.912457256515911], "ndcg_at_50%": [0.801680272837345, 0.8665951505676831, 0.8597577572562165], "ndcg_at_all": [0.9239367116157469, 0.9515268266250474, 0.9494924973854308], "score_of_estimated_best": [5.4405769127258035, 4.463635206246816, 4.346167179716647], "score_of_true_best": [6.418119156941288, 4.463635206246816, 6.966611563231454], "rank_of_best": [3.0, 1.0, 2.0]}