{"mse": [9.982814442527957, 8.017230038149558, 4.690812851090026], "jsd-softmax": [0.49666119154791294, 0.510285702450122, 0.46521089848066427], "tau": [0.19999999999999998, -0.1111111111111111, 0.5111111111111111], "rho": [0.2727272727272727, -0.09090909090909088, 0.7212121212121211], "pcc": [0.3053191846978749, 0.14063911133633816, 0.5011715018271881], "ndcg_at_1%": [0.0, 0.0, 0.0], "ndcg_at_5%": [0.0, 0.0, 0.0], "ndcg_at_10%": [0.7922887540883113, 0.6657463888474262, 0.7300934248961077], "ndcg_at_20%": [0.8919368138176919, 0.8254080255969714, 0.760794726408492], "ndcg_at_50%": [0.8523909652074189, 0.7488449332181183, 0.8912371167983544], "ndcg_at_all": [0.9345335535432463, 0.8994058196560768, 0.939169742093306], "score_of_estimated_best": [5.085003630443336, 2.9716490196910543, 5.086277296120479], "score_of_true_best": [6.418119156941288, 4.463635206246816, 6.966611563231454], "rank_of_best": [8.0, 9.0, 3.0]}