{"mse": [3.687887304909081, 1.8737095302464448, 2.4444980872439426, 3.687887304909081, 1.8737095302464448, 2.4444980872439426, 2.2980311664694937, 1.9088773413391318, 2.2863305457699235, 2.2980311664694937, 1.9088773413391318, 2.2863305457699235, 1.9870902109784931, 1.774074869493198, 2.453824322727166, 1.9870902109784931, 1.774074869493198, 2.453824322727166], "jsd-softmax": [0.3675164263079138, 0.22969793443850323, 0.2502925257958418, 0.3675164263079138, 0.22969793443850323, 0.2502925257958418, 0.22572834507107872, 0.2505327870560422, 0.224821030588002, 0.22572834507107872, 0.2505327870560422, 0.224821030588002, 0.23156322447011685, 0.3877064086529687, 0.29119925148534065, 0.23156322447011685, 0.3877064086529687, 0.29119925148534065], "tau": [0.052344782229733725, 0.2741851482040115, 0.23053645020954958, 0.052344782229733725, 0.2741851482040115, 0.23053645020954958, 0.16396576344953717, 0.327315580447636, 0.346372440722612, 0.16396576344953717, 0.327315580447636, 0.346372440722612, 0.24616849273168426, 0.18156754084112944, 0.18741867070889262, 0.24616849273168426, 0.18156754084112944, 0.18741867070889262], "rho": [0.07883368862994967, 0.397679604273652, 0.340445016647048, 0.07883368862994967, 0.397679604273652, 0.340445016647048, 0.24320147425890812, 0.47444723591373794, 0.502375747209432, 0.24320147425890812, 0.47444723591373794, 0.502375747209432, 0.363347926248211, 0.2695386363770981, 0.2779095939537927, 0.363347926248211, 0.2695386363770981, 0.2779095939537927], "pcc": [0.0816945200020011, 0.4427306996355137, 0.35586627123992176, 0.0816945200020011, 0.4427306996355137, 0.35586627123992176, 0.29217496899084244, 0.490188647314778, 0.5055402302750338, 0.29217496899084244, 0.490188647314778, 0.5055402302750338, 0.3930173949358659, 0.2628351318707244, 0.29270045973953196, 0.3930173949358659, 0.2628351318707244, 0.29270045973953196], "ndcg_at_1%": [0.5343398803461983, 0.8124488166335126, 0.6664270355591262, 0.5343398803461983, 0.8124488166335126, 0.6664270355591262, 0.7562405443899756, 0.6906461369590445, 0.7077350829259702, 0.7562405443899756, 0.6906461369590445, 0.7077350829259702, 0.7559831204707748, 0.4830987887574151, 0.594581956440344, 0.7559831204707748, 0.4830987887574151, 0.594581956440344], "ndcg_at_5%": [0.6004273446262092, 0.7797967004694571, 0.7165335254792651, 0.6004273446262092, 0.7797967004694571, 0.7165335254792651, 0.7751359118718196, 0.7242603462252667, 0.7382168455891408, 0.7751359118718196, 0.7242603462252667, 0.7382168455891408, 0.7535019419398737, 0.5792834463734786, 0.6344055989519577, 0.7535019419398737, 0.5792834463734786, 0.6344055989519577], "ndcg_at_10%": [0.6303966953814024, 0.7820415396601275, 0.7460487630339899, 0.6303966953814024, 0.7820415396601275, 0.7460487630339899, 0.767394105331295, 0.7434738544495925, 0.7636093402609875, 0.767394105331295, 0.7434738544495925, 0.7636093402609875, 0.7771088075604035, 0.6374906571476973, 0.6708782860677034, 0.7771088075604035, 0.6374906571476973, 0.6708782860677034], "ndcg_at_20%": [0.6784307415050156, 0.7965143382700556, 0.7826527715432832, 0.6784307415050156, 0.7965143382700556, 0.7826527715432832, 0.7703336570980661, 0.7813018471774993, 0.8013025626385832, 0.7703336570980661, 0.7813018471774993, 0.8013025626385832, 0.7976067026749616, 0.7008769833414573, 0.7139227778600585, 0.7976067026749616, 0.7008769833414573, 0.7139227778600585], "ndcg_at_50%": [0.7843737493461839, 0.8548865339839065, 0.8465098532167245, 0.7843737493461839, 0.8548865339839065, 0.8465098532167245, 0.8278859046117829, 0.8597945495515792, 0.8707904011306962, 0.8278859046117829, 0.8597945495515792, 0.8707904011306962, 0.8508110648853207, 0.8097639570861602, 0.8139659245144738, 0.8508110648853207, 0.8097639570861602, 0.8139659245144738], "ndcg_at_all": [0.9546809183079835, 0.971325687229075, 0.967591894235512, 0.9546809183079835, 0.971325687229075, 0.967591894235512, 0.9685608043241959, 0.9662183971694611, 0.9698759159955049, 0.9685608043241959, 0.9662183971694611, 0.9698759159955049, 0.9707486453276846, 0.9502058122258015, 0.9575334127435298, 0.9707486453276846, 0.9502058122258015, 0.9575334127435298], "score_of_estimated_best": [5.325146537026141, 8.371940247835681, 6.046676471853811, 5.325146537026141, 8.371940247835681, 6.046676471853811, 8.878576253241457, 7.545166963711475, 9.569137313565934, 8.878576253241457, 7.545166963711475, 9.569137313565934, 8.215532108079868, 5.5042062756489765, 6.700529251366816, 8.215532108079868, 5.5042062756489765, 6.700529251366816], "score_of_true_best": [10.0, 10.0, 10.0, 10.0, 10.0, 10.0, 10.0, 10.0, 10.000000000000002, 10.0, 10.0, 10.000000000000002, 10.0, 10.0, 9.999999999999998, 10.0, 10.0, 9.999999999999998], "rank_of_best": [6082.0, 632.0, 156.0, 6082.0, 632.0, 156.0, 997.0, 3717.0, 234.0, 997.0, 3717.0, 234.0, 729.0, 4225.0, 4087.0, 729.0, 4225.0, 4087.0]}